;App_id;Review;Tag
0;1118200;Overwhelmingly Positive;['Sandbox', 'Physics', 'Gore', 'Violent', 'Blood', 'Moddable', '2D', 'Singleplayer', 'Destruction', 'Simulation', 'Funny', 'Building', 'Pixel Graphics', 'Psychological Horror', 'Indie', 'Casual', 'Action', 'Horror', 'Comedy', 'Choose Your Own Adventure']
1;646570;Overwhelmingly Positive;['Roguelike Deckbuilder', 'Card Game', 'Card Battler', 'Roguelike', 'Deckbuilding', 'Turn-Based', 'Strategy', 'Singleplayer', 'Roguelite', 'Replay Value', 'Indie', 'Difficult', 'Dungeon Crawler', 'RPG', 'Mouse only', 'Great Soundtrack', '2D', 'Procedural Generation', 'Fantasy', 'Casual']
2;1055540;Overwhelmingly Positive;['Adventure', 'Exploration', 'Indie', 'Cute', 'Relaxing', 'Pixel Graphics', 'Nature', 'Great Soundtrack', 'Casual', 'Singleplayer', 'Open World', '3D Platformer', 'Short', 'Family Friendly', 'Beautiful', 'Funny', 'Flight', 'Walking Simulator', 'Female Protagonist', 'Third Person']
3;460950;Overwhelmingly Positive;['Pixel Graphics', 'Action', 'Great Soundtrack', 'Story Rich', 'Platformer', 'Cyberpunk', '2D Platformer', 'Indie', '2D', 'Hack and Slash', 'Fast-Paced', 'Violent', 'Difficult', 'Singleplayer', 'Time Manipulation', 'Ninja', 'Gore', 'Retro', 'Noir', 'Sci-fi']
4;883710;Overwhelmingly Positive;['Zombies', 'Survival Horror', 'Horror', 'Remake', 'Singleplayer', 'Third Person', 'Gore', 'Action', 'Atmospheric', 'Puzzle', 'Violent', 'Story Rich', 'Survival', 'Classic', 'Multiplayer', 'Female Protagonist', 'Dark', 'Adventure', 'Shooter', 'Difficult']
5;1170880;Overwhelmingly Positive;['Free to Play', 'Pixel Graphics', 'RPG', 'Indie', 'Singleplayer', 'Story Rich', 'Adventure', 'Cute', 'Multiple Endings', 'RPGMaker', 'Turn-Based', 'Female Protagonist', 'Great Soundtrack', '2D', 'Emotional', 'Short', 'JRPG', 'Turn-Based Combat', 'Atmospheric', 'Horror']
6;736260;Overwhelmingly Positive;['Puzzle', 'Indie', 'Difficult', 'Singleplayer', 'Pixel Graphics', 'Logic', 'Cute', '2D', 'Programming', 'Sokoban', 'Great Soundtrack', 'Minimalist', 'Casual', 'Level Editor', 'Top-Down', 'Retro', 'Atmospheric', 'Strategy', 'Funny', 'Souls-like']
7;787480;Overwhelmingly Positive;['Detective', 'Visual Novel', 'Story Rich', 'Mystery', 'Great Soundtrack', 'Anime', 'Adventure', 'Singleplayer', 'Puzzle', 'Crime', 'Point & Click', 'Funny', 'Classic', 'Cult Classic', 'Comedy', '2D', 'Conversation', 'Memes', 'Dynamic Narration', 'Casual']
8;457140;Overwhelmingly Positive;['Colony Sim', 'Base Building', 'Survival', 'Resource Management', 'Building', 'Singleplayer', 'Management', 'Simulation', '2D', 'Sandbox', 'Strategy', 'Space', 'Indie', 'Sci-fi', 'Exploration', 'Difficult', 'Open World', 'Adventure', 'Multiplayer', 'Space Sim']
9;1070710;Very Positive;['Emotional', 'Relaxing', 'Cozy', 'Wholesome', 'Multiplayer', 'Experience', 'Atmospheric', 'Cute', 'Casual', 'Music', 'Indie', 'Experimental', 'Asynchronous Multiplayer', 'Colorful', 'Psychological', 'LGBTQ+', 'Memes', '3D', 'Stylized', 'Funny']
10;1093910;Overwhelmingly Positive;['RPG', 'Adventure', 'Indie', 'Pixel Graphics', 'RPGMaker', 'Horror', 'Story Rich', 'Female Protagonist', 'Anime', 'Atmospheric', 'Visual Novel', 'Singleplayer', 'Puzzle', 'Psychological Horror', '2D']
11;851100;Very Positive;"['Metroidvania', 'Female Protagonist', 'Bullet Hell', 'Faith', 'Side Scroller', 'Exploration', 'Platformer', 'Time Manipulation', '2D', ""Beat 'em up"", 'Action-Adventure', 'Pixel Graphics', 'Cute', 'Anime', 'Controller', 'Action', 'Singleplayer', 'Adventure', 'Indie', 'Great Soundtrack']"
12;1067310;Very Positive;['Free to Play', 'Puzzle', 'Puzzle Platformer', 'First-Person', 'Indie', 'Singleplayer', 'Adventure', 'Funny', '3D Platformer', 'Sci-fi', 'Comedy', 'Space', 'Short', 'Parkour', 'Dark Humor', 'Platformer', '3D']
13;942970;Very Positive;['Detective', 'Puzzle', 'Indie', 'Mystery', 'RPG', 'Simulation', 'Story Rich', 'Horror', 'Singleplayer', 'Atmospheric', 'Point & Click', '2D', 'Investigation', 'Top-Down', 'Short', 'Multiplayer', 'Crime']
14;620980;Very Positive;['VR', 'Rhythm', 'Music', 'Moddable', 'Fast-Paced', 'Indie', 'Singleplayer', 'First-Person', 'Difficult', 'Multiplayer', 'Swordplay', 'Action', 'Sports', 'Futuristic', 'Casual', 'Music-Based Procedural Generation', 'Games Workshop', 'Early Access', 'PvP', 'Great Soundtrack']
15;1044620;Very Positive;['Visual Novel', 'Anime', 'Casual', 'Adventure', 'Story Rich', 'Romance', 'Dating Sim', 'Mature', 'Hentai', 'Sports', 'Great Soundtrack', 'Singleplayer', 'NSFW', 'Cute']
16;814380;Overwhelmingly Positive;['Souls-like', 'Difficult', 'Action', 'Singleplayer', 'Ninja', 'Stealth', 'Adventure', 'Third Person', 'Open World', 'Story Rich', 'Violent', 'Atmospheric', 'Assassin', 'Dark Fantasy', 'Hack and Slash', 'RPG', 'Great Soundtrack', 'Gore', 'Dark', 'Rhythm']
17;601150;Overwhelmingly Positive;['Action', 'Hack and Slash', 'Great Soundtrack', 'Character Action Game', 'Demons', 'Spectacle fighter', 'Third Person', 'Singleplayer', 'Violent', 'Stylized', 'Nudity', 'Story Rich', 'Classic', 'Gore', 'Difficult', 'Multiplayer', 'Controller', 'Adventure', 'Anime', 'Co-op']
18;601220;Very Positive;['Puzzle', 'Casual', 'Indie', 'Fast-Paced', '2D', 'Physics', 'Short', 'Relaxing', 'Minimalist', 'Puzzle Platformer', 'Point & Click', 'Mouse only', 'Singleplayer', 'Cute', 'Trading Card Game', 'Cyberpunk', 'Family Friendly', 'Atmospheric', 'PvE', 'Fighting']
19;1067850;Very Positive;['Adventure', 'Pixel Graphics', 'Violent', 'Gore', 'Funny', 'Indie', 'Puzzle', 'Singleplayer', 'Comedy', 'Dark Humor', '2D', 'Blood', 'RPG', 'Horror', 'Dark', 'Action', 'Story Rich', 'Choices Matter', 'Psychological Horror', 'Cute']
20;512900;Overwhelmingly Positive;['Roguelite', 'Action Roguelike', 'Pixel Graphics', 'RPG', 'Multiplayer', 'Action', 'Indie', 'Roguelike', 'Co-op', 'Adventure', 'Local Co-Op', 'Funny', 'Stealth', 'Online Co-Op', 'Great Soundtrack', '2D', 'Procedural Generation', 'Gore', 'Violent', 'Early Access']
21;926990;Overwhelmingly Positive;['Early Access', 'Life Sim', 'Survival', 'Co-op', 'Multiplayer', 'Open World', 'PvE', 'Online Co-Op', 'Nature', 'RPG', 'Realistic', 'Hunting', 'Education', 'Action', 'Exploration', 'Singleplayer', 'Simulation', 'Action RPG', 'Immersive Sim', 'Action-Adventure']
22;1122720;Very Positive;['Great Soundtrack', 'Rhythm', 'Music', 'Action', 'Casual', 'Beautiful', 'Female Protagonist', 'Arcade', 'Stylized', 'Colorful', 'Singleplayer', 'Short', 'Atmospheric', '3D', 'Indie', 'LGBTQ+', 'Story Rich', 'Adventure', 'Action-Adventure', 'Fantasy']
23;1082710;Very Positive;['RPG', 'Indie', 'Adventure', 'Action', 'Turn-Based Combat', 'Great Soundtrack', 'Cute', 'Story Rich', 'Turn-Based', 'Singleplayer', 'JRPG', 'Comedy', '2D', 'Funny', 'Party-Based RPG', 'Colorful', '2.5D', 'Exploration']
24;557340;Very Positive;['Action', 'Indie', 'Shooter', 'Parkour', 'Violent', 'Bullet Time', 'Great Soundtrack', 'Gore', 'Singleplayer', 'Side Scroller', 'Platformer', 'Fast-Paced', 'Funny', 'Comedy', '2.5D', '2D', 'Blood', 'Physics', 'Controller', 'Multiplayer']
25;732690;Very Positive;['Horror', 'VR', 'Singleplayer', 'Survival Horror', 'Robots', 'First-Person', 'Action', 'Psychological Horror', 'Dark', 'Survival', 'Casual', 'Atmospheric', 'Difficult', 'Puzzle', 'Story Rich', 'Indie', 'Strategy', 'Funny', 'Adventure', 'Family Friendly']
26;812810;Very Positive;['Free to Play', 'Visual Novel', 'LGBTQ+', 'Choices Matter', 'Romance', 'Psychological Horror', 'Emotional', 'Female Protagonist', 'Indie', 'Psychological', 'Singleplayer', 'Story Rich', 'Great Soundtrack', 'Casual', 'Simulation', 'Horror', 'Memes', 'Atmospheric', 'Anime', 'Sexual Content']
27;1122750;Very Positive;['Free to Play', 'RPG', 'Indie', 'Adventure', 'Anime', 'RPGMaker', 'Story Rich', 'Pixel Graphics', 'Female Protagonist', 'Cute', 'Puzzle', 'Psychological Horror', '2D']
28;813780;Very Positive;['Strategy', 'RTS', 'City Builder', 'Multiplayer', 'Base Building', 'Historical', 'Medieval', 'Singleplayer', 'Resource Management', 'Classic', 'Tactical', 'Real-Time', 'Co-op', 'Remake', 'Isometric', 'Replay Value', '2D', 'Action', 'Adventure', 'Great Soundtrack']
29;1127400;Very Positive;['Base Building', 'Resource Management', 'Tower Defense', 'Strategy', 'Automation', 'Multiplayer', 'Sandbox', 'Building', 'Co-op', '2D', 'Pixel Graphics', 'Online Co-Op', 'RTS', 'Singleplayer', 'Indie', 'PvP', 'PvE', 'Survival', 'Management', 'Action']
30;943700;Very Positive;['Sexual Content', 'Nudity', 'Mature', 'Free to Play', 'NSFW', 'Hentai', 'Anime', '3D', 'Open World', 'Dating Sim', 'First-Person', 'Adventure', 'Singleplayer', 'Cute', 'Fantasy', 'Story Rich', 'Indie', 'Psychological Horror', 'FPS', 'VR']
31;1160490;Very Positive;['Simulation', 'Casual', 'Indie', 'Early Access', 'Crafting', 'Relaxing', 'Singleplayer', 'Realistic', 'Atmospheric']
32;992310;Overwhelmingly Positive;['Free to Play', 'Adventure', 'Indie', 'RPG', 'Pixel Graphics', 'Noir', 'Detective', 'Story Rich', 'Point & Click', 'Singleplayer', 'Atmospheric', 'Great Soundtrack', 'Dystopian', 'Cinematic', '2.5D', 'Mystery', 'Dark', 'Retro', '2D', 'Puzzle']
33;1069230;Very Positive;['Visual Novel', 'Sexual Content', 'Adventure', 'Anime', 'Casual', 'Mystery', 'Gore', 'Nudity', 'Violent', 'Psychological Horror', 'Hentai']
34;1147690;Very Positive;['Free to Play', 'Idler', 'Indie', 'Clicker', 'Adventure', 'Simulation', 'Funny', 'RPG', 'Singleplayer', 'Casual', 'Psychological Horror', 'Story Rich']
35;858210;Very Positive;"['Action Roguelike', 'Indie', 'Space', 'Roguelite', 'Arcade', 'Action', 'Shooter', 'Bullet Hell', ""Shoot 'Em Up"", 'Replay Value', 'Early Access', '2D', 'Arena Shooter', 'Great Soundtrack', 'Roguelike', 'Singleplayer', 'Retro', 'Action RPG', 'Colorful', 'Casual']"
36;844590;Very Positive;"[""1990's"", 'Simulation', 'Point & Click', 'Surreal', 'Retro', 'Alternate History', 'Detective', 'Great Soundtrack', 'Atmospheric', 'Funny', 'Indie', 'Puzzle', 'Singleplayer', 'Story Rich', 'Psychedelic', 'Interactive Fiction', 'Adventure', 'Mystery', 'Psychological', 'Fantasy']"
37;774171;Overwhelmingly Positive;['Music', 'Rhythm', 'Anime', 'Cute', 'Sexual Content', 'Female Protagonist', 'Casual', 'Great Soundtrack', 'Singleplayer', '2D', 'Indie', 'Action', 'Colorful', 'Difficult', 'Funny', 'Hentai', 'Arcade', 'Nudity', 'Beautiful', 'Mature']
38;1038740;Very Positive;['Visual Novel', 'Indie', 'Adventure', 'Casual', 'Anime', 'Sexual Content', 'Cute']
39;944020;Very Positive;['Indie', 'Casual', 'Adventure', 'Visual Novel', 'Anime', 'Romance', 'Nudity', 'Sexual Content']
40;1031480;Overwhelmingly Positive;"['Bullet Hell', 'Indie', 'Faith', ""Shoot 'Em Up"", 'Great Soundtrack', 'Anime', 'Female Protagonist', 'Difficult', 'Singleplayer', '2D']"
41;1064610;Very Positive;['Free to Play', 'Rhythm', 'Music', 'Great Soundtrack', 'Indie', '2D', 'Platformer', 'Singleplayer', 'Precision Platformer', 'Minimalist', 'Short', 'Difficult', 'Replay Value', 'Score Attack', 'Controller', 'Hidden Object', 'Casual', '2D Platformer']
42;980300;Overwhelmingly Positive;"['Action', 'Indie', ""Beat 'em up"", 'Casual', 'Fast-Paced', 'Martial Arts', '2D', 'Arcade', '2D Fighter', 'Mouse only', 'Gore', 'Singleplayer', 'Violent', 'Difficult', 'Great Soundtrack', 'Rhythm', 'Fighting', 'Funny']"
43;1103210;Very Positive;['Violent', 'Indie', 'Gore', 'Free to Play', 'Casual', 'Point & Click', 'Funny', 'Psychological Horror', '2D', 'Short']
44;1045520;Very Positive;['Sexual Content', 'Nudity', 'Mature', 'Visual Novel', 'NSFW', 'Story Rich', 'Choices Matter', 'Romance', 'Indie', 'Realistic', 'Violent', 'Multiple Endings', 'Singleplayer', 'Drama', 'Gore', 'Replay Value', 'Modern', 'Comedy', 'Funny', 'Episodic']
45;611760;Very Positive;['Adventure', 'Indie', 'Point & Click', 'Pixel Graphics', 'Post-apocalyptic', 'Singleplayer', 'Story Rich', 'Choices Matter', '2D', 'Great Soundtrack', 'Atmospheric', 'Sci-fi', 'Survival', 'Mystery', 'Puzzle', 'Strategy', 'Thriller', 'Replay Value', 'Retro']
46;986800;Very Positive;['Casual', 'Indie', 'Music', 'Rhythm', 'Multiplayer', '4 Player Local', 'Local Multiplayer', 'Electronic Music']
47;692850;Very Positive;['Metroidvania', 'RPG', 'Action', 'Female Protagonist', 'Adventure', 'Anime', 'Side Scroller', '2.5D', 'Platformer', 'Great Soundtrack', 'Dark Fantasy', 'Gothic', 'Exploration', 'Singleplayer', 'Crafting', '2D', 'Difficult', 'Nudity', 'Sexual Content', 'Indie']
48;1198320;Overwhelmingly Positive;['Casual', 'RPG', 'Indie', 'Female Protagonist', 'Pixel Graphics', 'Visual Novel', 'Otome', 'Anime', 'Free to Play']
49;927380;Overwhelmingly Positive;"['Action', 'Story Rich', 'RPG', ""Beat 'em up"", 'Sexual Content', 'Singleplayer', 'Adventure', 'Violent', 'Open World', 'Minigames', 'Crime', 'Great Soundtrack', 'Comedy', 'Third Person', 'Funny', 'Remake', 'Action RPG', 'Drama', 'JRPG', 'Anime']"
50;314650;Very Positive;['Early Access', 'Open World', 'Casual', 'Sandbox', 'Space', 'Space Sim', 'Education', 'Indie', 'Relaxing', 'Realistic', 'Atmospheric', 'Science', 'Simulation', 'Procedural Generation', 'VR', 'Singleplayer', 'Colorful', 'Exploration', 'Family Friendly', 'Sci-fi']
51;1033420;Very Positive;['Sexual Content', 'Visual Novel', 'Nudity', 'Anime', 'Casual', 'Violent', 'Action', 'Cute', 'Multiple Endings', 'Simulation', 'Choices Matter', 'Mystery', 'Episodic', 'Magic', 'Great Soundtrack', '2D']
52;1046030;Very Positive;['Relaxing', 'City Builder', 'Strategy', 'Building', 'Puzzle', 'Indie', 'Minimalist', 'Singleplayer', 'Beautiful', 'Colony Sim', 'Atmospheric', 'Colorful', 'Procedural Generation', 'Addictive', 'Score Attack', 'Replay Value', '3D', 'Top-Down', 'Turn-Based Strategy', 'Exploration']
53;813630;Very Positive;['Puzzle Platformer', 'Exploration', 'Metroidvania', 'Adventure', 'First-Person', 'Physics', 'Singleplayer', 'FPS', 'Puzzle', 'Open World', '3D Platformer', 'Collectathon', 'Cartoony', 'Shooter', 'Funny', 'Colorful', 'Platformer', 'Action-Adventure', 'Family Friendly', 'Action']
54;572890;Very Positive;['Indie', 'Casual', 'Adventure', 'Puzzle', 'Action', 'Cute', 'Co-op', 'Funny', 'Multiplayer', 'Platformer', '2D', 'Family Friendly', 'Local Co-Op', 'Great Soundtrack', 'Comedy', 'Singleplayer', 'Puzzle Platformer', 'Colorful', 'Dystopian', 'Exploration']
55;598980;Very Positive;['Life Sim', 'Arcade', 'Open World', 'Casual', 'Physics', 'Survival', 'First-Person', 'Simulation', 'Funny', 'Character Customization', 'Family Friendly', 'Realistic', 'Atmospheric', 'Gambling', 'Adventure', 'Singleplayer', 'Multiplayer', 'Indie', 'Early Access', 'Sandbox']
56;914710;Very Positive;['Adventure', 'Exploration', 'Action RPG', 'Hack and Slash', 'Character Customization', 'RPG', 'Action', '2D', 'Cute', 'Open World', 'Cats', 'Funny', 'Co-op', 'Local Co-Op', 'Cartoony', 'Dog', 'Loot', 'Fantasy', 'Cozy', 'Magic']
57;1058020;Very Positive;['Action', 'Classic', 'Multiplayer', 'FPS', 'Sci-fi', 'Third-Person Shooter', 'Singleplayer', 'Shooter', 'Space', 'First-Person', 'Great Soundtrack', 'Third Person', 'Co-op', 'Controller', 'Moddable']
58;621000;Overwhelmingly Positive;['Strategy', 'Indie', 'Programming', 'Robots', 'Pixel Graphics']
59;1010750;Very Positive;"['FPS', 'Classic', 'Gore', 'Retro', 'Violent', 'Blood', 'Horror', 'First-Person', 'Shooter', 'Action', ""1990's"", 'Cult Classic', 'Old School', 'Singleplayer', 'Pixel Graphics', '2.5D', 'Dark', 'Atmospheric', 'Co-op', 'Difficult']"
60;1018850;Very Positive;['Puzzle', 'Point & Click', 'Cute', '2D', 'First-Person', 'LGBTQ+', 'Funny', '3D', 'Horror', 'Psychological Horror', 'Surreal', 'Story Rich', 'Hand-drawn', 'Conversation', 'FMV', 'Linear', 'Multiple Endings', 'Comedy', 'Casual', 'Cartoony']
61;937580;Very Positive;"['Bullet Hell', 'Difficult', 'Great Soundtrack', 'Faith', 'Indie', 'Action', 'Female Protagonist', ""Shoot 'Em Up"", 'Psychological Horror', 'Singleplayer', 'Anime', 'Arcade', 'Shooter', '2D', 'Cute', 'Lore-Rich', 'Fantasy', 'Story Rich', 'Adventure', 'Souls-like']"
62;621060;Very Positive;['Simulation', 'Education', 'Immersive Sim', 'Building', 'Management', 'Sandbox', 'First-Person', '3D', 'Life Sim', 'Casual', 'Realistic', 'Relaxing', 'Singleplayer', 'Funny', 'Hardware', 'Puzzle', 'Modern', 'Inventory Management', 'Atmospheric', 'Indie']
63;977950;Very Positive;['Rhythm', 'Music', 'Difficult', 'Indie', 'Great Soundtrack', 'Singleplayer', 'Level Editor', '2D', 'Action', 'Psychological Horror', 'Casual', 'Games Workshop', 'Atmospheric', 'Souls-like', 'Co-op']
64;996580;Very Positive;['Adventure', '3D Platformer', 'Remake', 'Dragons', 'Action', 'Family Friendly', 'Classic', 'Singleplayer', 'Platformer', 'Cute', 'Colorful', 'Fantasy', 'Cult Classic', 'Collectathon', 'Casual', 'Great Soundtrack', 'Cartoony', 'Third Person', 'Atmospheric', 'Funny']
65;966320;Very Positive;['Indie', 'Point & Click', 'Cute', 'Funny', 'Cartoony', 'Great Soundtrack', 'Mystery', 'Singleplayer', 'Casual', 'Minigames', 'Comedy', '2D', 'Puzzle', 'Family Friendly', 'Adventure', 'Cartoon', 'LGBTQ+', 'Hand-drawn']
66;1058640;Very Positive;['Free to Play', 'Violent', 'Gore', 'Action', 'Indie', 'Singleplayer', 'Shooter', 'Top-Down', 'Top-Down Shooter', 'Level Editor', 'Isometric', 'Twin Stick Shooter', 'GameMaker', 'Difficult', 'Great Soundtrack']
67;1049280;Very Positive;['Hand-drawn', 'Short', 'Stylized', 'Funny', 'Cartoon', 'Replay Value', 'Singleplayer', 'Relaxing', '2D', 'Family Friendly', 'Nonlinear', 'Card Game', 'Point & Click', 'Comedy', 'Cute', 'Indie', 'Cartoony', 'Puzzle', 'Adventure', 'Casual']
68;801480;Very Positive;['Logic', 'Point & Click', 'Hidden Object', 'Exploration', 'Escape Room', 'Puzzle', 'Mystery', 'Controller', 'Detective', 'Singleplayer', 'Funny', 'Adventure', 'Female Protagonist', 'Story Rich', 'Family Friendly', 'Cozy', 'Wholesome', 'Investigation', 'Retro', 'Casual']
69;913550;Very Positive;['Action', 'Level Editor', 'Platformer', 'Action-Adventure', 'Adventure', 'Puzzle', 'Precision Platformer', 'Difficult', 'Funny', 'Psychological Horror', 'Indie', '2D Platformer', 'Pixel Graphics', 'Parkour', '2D', 'Singleplayer', 'Side Scroller', 'Multiplayer', 'Local Multiplayer', 'Runner']
70;752590;Very Positive;['Story Rich', 'Adventure', 'Female Protagonist', 'Stealth', 'Medieval', 'Atmospheric', 'Singleplayer', 'Action', 'Third Person', 'Dark', 'Horror', 'Historical', 'Great Soundtrack', 'Violent', 'Emotional', 'Survival', 'Puzzle', 'Dark Fantasy', 'Post-apocalyptic', 'Walking Simulator']
71;632470;Very Positive;['RPG', 'Story Rich', 'Choices Matter', 'Detective', 'Isometric', 'Atmospheric', 'Singleplayer', 'CRPG', 'Point & Click', 'Noir', 'Surreal', 'Adventure', 'Indie', 'Exploration', 'Visual Novel', 'Funny', 'Open World', 'Character Customization', 'Political', 'Sexual Content']
72;900270;Very Positive;['Adventure', 'Indie', 'Pixel Graphics', 'Multiple Endings', 'Comedy', '2D', 'Platformer', 'Dark Humor', 'Exploration', 'Singleplayer', 'Choose Your Own Adventure', 'Retro', 'Violent', 'Nonlinear', 'Puzzle Platformer', 'Metroidvania', 'Great Soundtrack', 'Choices Matter', 'Dark Comedy', 'Mystery Dungeon']
73;597760;Very Positive;['Puzzle', 'Exploration', '2D', 'Cute', 'Top-Down', 'Horror', 'Psychological Horror', 'Dark Humor', 'Cyberpunk', 'Choices Matter', 'Controller', 'Multiple Endings', 'Story Rich', 'Pixel Graphics', 'Anime', 'Stealth', 'Adventure', 'Survival Horror', 'Singleplayer', 'Blood']
74;673130;Very Positive;"['FPS', 'Retro', 'Dark Fantasy', 'Action', 'Shooter', 'Old School', 'Magic', 'First-Person', 'Singleplayer', 'Psychedelic', 'Surreal', 'Arena Shooter', 'Fantasy', 'Great Soundtrack', 'Beautiful', 'Atmospheric', ""1990's"", 'Colorful', 'Sci-fi', 'Soundtrack']"
75;1007040;Overwhelmingly Positive;['Action', 'Online Co-Op', 'Third-Person Shooter', 'Mechs', 'Co-op', 'Aliens', 'Shooter', 'Local Co-Op', 'Sci-fi', 'Split Screen', 'Multiplayer', 'Funny', 'Class-Based', 'Anime', 'Singleplayer', 'Difficult', 'Third Person', 'Hack and Slash', 'Comedy', 'Tower Defense']
76;681280;Very Positive;['Sports', 'Racing', 'Cycling', 'Action', 'Bikes', 'Multiplayer', 'Great Soundtrack', 'Procedural Generation', 'Roguelite', 'Open World', 'Simulation', 'Fast-Paced', 'BMX', 'Physics', 'Addictive', 'Moddable', 'Difficult', 'Relaxing', 'Beautiful', 'Competitive']
77;1079160;Overwhelmingly Positive;"['Indie', 'Bullet Hell', 'Great Soundtrack', ""Shoot 'Em Up"", 'Faith', 'Action', 'Female Protagonist', 'Difficult', 'Singleplayer', 'Anime', 'Arcade', '2D', 'Cute', 'Lore-Rich', 'Fantasy', 'Story Rich', 'Memes']"
78;1072390;Very Positive;['Free to Play', 'Indie', 'Adventure', 'Puzzle Platformer', 'Hand-drawn', 'Platformer', 'Casual', '2D', 'Singleplayer', 'Funny', 'Puzzle', 'Difficult', 'Psychological Horror', 'Souls-like', 'Memes', 'Great Soundtrack', 'Surreal']
79;965820;Overwhelmingly Positive;['JRPG', 'RPG', 'Story Rich', 'Funny', 'Adventure', 'Anime', 'Indie', 'Fantasy', 'Casual', 'Pixel Graphics', 'CRPG', '2D', 'RPGMaker', 'Singleplayer', 'Drama', 'Turn-Based', 'Turn-Based Combat', 'Retro', 'Cute', 'Foreign']
80;1169040;Very Positive;['Early Access', 'Open World Survival Craft', 'Base Building', 'Sandbox', 'Online Co-Op', 'Survival', '2D', 'Pixel Graphics', 'Multiplayer', 'Exploration', 'Building', 'Singleplayer', 'Adventure', 'Crafting', 'Co-op', 'Open World', 'Action', 'Action-Adventure', 'Replay Value', 'RPG']
81;494150;Very Positive;['Sports', 'Action', 'VR', '3D Fighter', 'Boxing', 'Fighting', 'Singleplayer']
82;1043340;Overwhelmingly Positive;['Indie', 'Time Travel', 'Time Manipulation', 'Flight', 'Sandbox', 'Early Access', 'Crafting', 'Driving', 'Moddable', 'Physics', 'Action-Adventure', 'First-Person', 'Open World', 'Story Rich', 'Action', 'Simulation', 'Sci-fi', 'Singleplayer', 'Horror', 'Survival']
83;866440;Very Positive;['Free to Play', 'Adventure', 'Puzzle', 'Indie', 'Story Rich', 'Singleplayer', 'First-Person', 'Casual', 'Mystery', 'Exploration', 'Female Protagonist', 'Point & Click', 'Atmospheric', 'Short', 'Relaxing', 'Walking Simulator', 'Investigation', 'Family Friendly', 'Fantasy', 'Magic']
84;970560;Very Positive;['Visual Novel', 'Adventure', 'Singleplayer', 'Funny', 'Anime', 'Female Protagonist', 'Dating Sim', 'Romance', 'Story Rich']
85;976730;Very Positive;['Great Soundtrack', 'FPS', 'Classic', 'Multiplayer', 'Story Rich', 'Sci-fi', 'Co-op', 'First-Person', 'Epic', 'Action', 'Shooter', 'Singleplayer', 'Aliens', 'Lore-Rich', 'Beautiful', 'Space', 'Atmospheric', 'Adventure', 'Horror', 'Online Co-Op']
86;1002560;Very Positive;['Visual Novel', 'Indie', 'Sexual Content', 'Casual', 'Adventure', 'Anime', 'Drama', 'Multiple Endings', 'Cute', 'Violent', 'Romance', 'Psychological Horror']
87;440310;Very Positive;['Music', 'Rhythm', 'Action', 'Bullet Hell', 'Difficult', 'Indie', 'Level Editor', '2D', 'Singleplayer', 'Arcade', 'Early Access', 'Co-op', 'Local Co-Op', 'Multiplayer', '4 Player Local', 'Local Multiplayer', 'Abstract', 'Anime', 'Cartoon', 'Cartoony']
88;1200860;Very Positive;['Free to Play', 'Indie', 'Nudity', 'Hand-drawn', 'Cute', 'Atmospheric', 'Casual', 'Exploration', 'Experience', 'Surreal', 'Short', 'Experimental', 'Psychological Horror', '2D', 'Singleplayer', 'Sexual Content']
89;937170;Very Positive;['Funny', 'Multiple Endings', 'Dating Sim', 'Indie', 'Visual Novel', 'Adventure', 'RPG', 'Anime', 'Story Rich', 'Puzzle', 'Cute', 'Mouse only', 'Choices Matter', 'Romance', 'Singleplayer', 'Interactive Fiction', 'Point & Click', 'Comedy', 'Surreal', 'Female Protagonist']
90;1071120;Overwhelmingly Positive;['Free to Play', 'Casual', 'Indie', 'Adventure', 'Cute', 'Cats', 'Point & Click', 'Short', '2D', 'Hidden Object']
91;992740;Very Positive;['Adventure', 'Indie', 'Casual', 'Visual Novel', 'Faith', 'Anime']
92;359510;Very Positive;['Detective', 'Point & Click', 'Exploration', 'Visual Novel', 'Funny', 'Story Rich', 'Puzzle', '2D', 'Conversation', 'Noir', 'Mystery', 'Crime', 'Atmospheric', 'Adventure', 'Comedy', 'Singleplayer', 'Indie', 'Investigation', 'Hand-drawn', 'Great Soundtrack']
93;655500;Very Positive;['Motorbike', 'Motocross', 'Multiplayer', 'Simulation', 'Offroad', 'Realistic', 'Racing', 'Moddable', 'eSports', 'Automobile Sim', 'VR', 'Controller', 'Early Access', 'Physics', 'Bikes', 'Difficult', 'Immersive Sim', '3D', 'First-Person', 'Third Person']
94;933480;Very Positive;['RPG', 'Adventure', 'Free to Play', 'Action', 'Open World', 'Story Rich', 'Singleplayer', 'Fantasy', 'Mod', 'Atmospheric', 'Great Soundtrack', 'Dark Fantasy', 'Lore-Rich', 'Exploration', 'First-Person', 'Psychological', 'Violent', 'Gore', 'Dark', 'Replay Value']
95;934840;Very Positive;['Free to Play', 'Parkour', 'Action', 'Indie', '3D Platformer', 'Singleplayer', 'First-Person', 'Platformer', 'Fast-Paced', 'Runner']
96;578620;Very Positive;['VR', 'Action', '3D Fighter', 'Violent', 'Indie', 'Gore', 'Funny', 'Fighting', 'Blood', 'First-Person', 'Early Access', 'Singleplayer', 'Local Multiplayer', 'Swordplay', 'Medieval', 'Moddable', 'Multiplayer', 'Asymmetric VR', 'Nudity', 'Horror']
97;1109460;Overwhelmingly Positive;['Free to Play', 'Visual Novel', 'Anime', 'Artificial Intelligence', 'Sexual Content', 'Hentai', 'Dating Sim', 'Sci-fi', 'Interactive Fiction', 'Nudity', 'Modern', '2D', 'RPG', 'Cute', 'Adventure', 'JRPG', '2.5D', 'FPS', 'Casual', 'Cartoony']
98;1012880;Very Positive;['Strategy', 'Survival', 'Simulation', 'Post-apocalyptic', 'Choices Matter', 'Casual', 'Singleplayer', 'Adventure', 'Indie', 'Choose Your Own Adventure', 'Comedy', 'Dark Comedy', 'Funny', 'Point & Click', 'Difficult', 'Remake', 'Text-Based', 'Roguelite', 'Horror', 'Cartoon']
99;1005300;Overwhelmingly Positive;['Trivia', 'Casual', 'Multiplayer', 'Indie', 'Local Multiplayer', 'Funny', 'Party', 'Comedy', 'Board Game', 'Party Game', 'Local Co-Op', 'Co-op', 'Family Friendly', 'Social Deduction', 'Singleplayer']
100;916730;Very Positive;['Indie', 'Metroidvania', 'Action', 'Adventure', 'Pixel Graphics', '2D', 'Platformer', 'Cats', 'Retro', 'Singleplayer', 'Cute', 'Side Scroller', 'Exploration', 'Sci-fi', 'Controller', 'Difficult', 'Female Protagonist', 'Great Soundtrack', 'Open World', 'Short']
101;1057680;Very Positive;['Simulation', 'Nudity', 'Indie', 'Casual', 'Adventure', 'Visual Novel', 'Anime']
102;1004240;Very Positive;['Hentai', 'Sexual Content', 'Nudity', 'Mature', 'Anime', 'Puzzle', 'Casual', 'Indie', 'Simulation', 'NSFW', 'Singleplayer', 'Female Protagonist', 'RPG']
103;834530;Very Positive;"['Action', 'Adventure', 'Story Rich', 'RPG', ""Beat 'em up"", 'Open World', 'Singleplayer', 'Crime', 'Violent', 'Great Soundtrack', 'Minigames', 'Drama', 'Comedy', 'Third Person', 'Sexual Content', 'Remake', 'Atmospheric', 'Funny', 'JRPG', 'Anime']"
104;1012240;Overwhelmingly Positive;['Indie', 'Visual Novel', 'Free to Play']
105;1184770;Very Positive;['Political Sim', 'Simulation', 'Politics', 'Political', 'Strategy', 'Indie', 'Early Access', 'Turn-Based']
106;1010890;Overwhelmingly Positive;"['Free to Play', 'Action', 'Indie', 'Bullet Hell', 'Anime', 'Faith', ""Shoot 'Em Up"", 'Female Protagonist', 'Difficult', 'Cute', 'Singleplayer', 'Great Soundtrack']"
107;1064730;Very Positive;['Sexual Content', 'Nudity', 'Hentai', 'Casual', 'Mature', 'Simulation', 'Strategy', 'Adventure', 'Anime', 'RPG', 'Puzzle', 'NSFW', 'Female Protagonist']
108;1092590;Overwhelmingly Positive;['Indie', 'RPG', 'Open World', 'Cinematic', 'Adventure', 'Action', 'Casual', 'Funny', 'Walking Simulator', 'Early Access', 'Puzzle', 'Action RPG', 'Exploration', '3D Platformer', 'CRPG', 'Anime', '3D', 'Cute', 'Third Person', 'Sandbox']
109;1109410;Overwhelmingly Positive;['Free to Play', 'Puzzle', 'Puzzle Platformer', 'Indie']
110;1146950;Very Positive;['Sexual Content', 'Hentai', 'Nudity', 'Mature', 'Anime', 'Casual', 'Puzzle', 'Indie', 'NSFW', 'Simulation', 'RPG', 'Psychological Horror', '2D']
111;1098340;Very Positive;['Puzzle', 'Casual', 'Indie', 'Fast-Paced', '2D', 'Physics', 'Relaxing', 'Minimalist', 'Puzzle Platformer', 'Point & Click', 'Singleplayer', 'Short', 'Cute', 'PvE']
112;666140;Very Positive;['RPG', 'Life Sim', 'Open World', 'Farming Sim', 'Crafting', 'Simulation', 'Casual', 'Adventure', 'Singleplayer', 'Agriculture', 'Building', 'Sandbox', 'Indie', 'Relaxing', 'Mining', 'Exploration', 'Survival', 'Cartoony', 'Post-apocalyptic', 'Female Protagonist']
113;1048540;Very Positive;['Adventure', '3D Platformer', 'Action', 'Casual', 'Platformer', 'Classic', 'Singleplayer', 'Racing', 'Funny', 'Cute', 'Family Friendly', 'Indie', 'Collectathon', 'Multiplayer', 'Cult Classic', 'Souls-like']
114;948830;Very Positive;['Indie', 'Casual', 'Simulation', 'Adventure', 'LGBTQ+', 'Visual Novel', 'Female Protagonist', 'Gore', 'Anime', 'Violent', 'Mystery', 'Romance']
115;930910;Overwhelmingly Positive;['Adventure', 'Visual Novel', 'Anime', 'Story Rich', 'Sci-fi', 'Time Travel', 'Singleplayer', 'Great Soundtrack']
116;1040550;Overwhelmingly Positive;['Casual', 'Indie', 'Puzzle', 'Relaxing', 'Atmospheric', 'Beautiful', 'Minimalist', 'Wholesome']
117;361420;Very Positive;['Multiplayer', 'Open World', 'Open World Survival Craft', 'Space', 'Survival', 'Exploration', 'Base Building', 'Co-op', 'Sandbox', 'Adventure', 'Building', 'Crafting', 'Sci-fi', 'Automation', 'Singleplayer', 'Colorful', 'Third Person', 'Atmospheric', 'Simulation', 'Indie']
118;1046820;Very Positive;['Indie', 'Horror', 'Psychological Horror', 'Nudity', 'Singleplayer', 'Atmospheric', 'Puzzle']
119;1092720;Very Positive;['Horror', 'Survival Horror', 'Stealth', 'Investigation', 'Sandbox', 'First-Person', 'Survival', '3D', 'Funny', 'Psychological Horror', 'Surreal', 'Puzzle', 'Action', 'Cartoony', 'Colorful', 'Thriller', 'Psychedelic', 'Mystery', 'Comedy', 'Psychological']
120;939600;Very Positive;['Sexual Content', 'Nudity', 'Hentai', 'Mature', 'Visual Novel', 'Anime', 'Indie', 'Casual', 'Romance', 'NSFW', 'Dating Sim', 'Adventure', 'Cute']
121;447150;Very Positive;"['Indie', 'Violent', 'Top-Down', 'Gore', 'Action', 'Singleplayer', 'Fast-Paced', 'Stylized', 'Difficult', ""Beat 'em up"", 'Blood', 'Music', 'Arcade', '2D', 'Top-Down Shooter', 'Music-Based Procedural Generation', 'Atmospheric', 'Casual', 'Surreal', 'Soundtrack']"
122;1070550;Very Positive;['Adventure', 'Indie', 'Horror', 'Point & Click', 'Pixel Graphics', 'Choices Matter', 'Mystery', 'Sci-fi', 'Thriller', 'Atmospheric', 'Singleplayer', 'Story Rich', '2D']
123;741140;Very Positive;['Visual Novel', 'Mechs', 'Cyberpunk', 'Sci-fi', 'RPG', 'Action', 'Dating Sim', 'Multiple Endings', 'Adventure', 'Anime', 'Story Rich', 'Singleplayer', 'Violent', 'Futuristic', 'Great Soundtrack', 'Dystopian', 'Gore', 'Simulation', 'War', 'Choices Matter']
124;1044490;Overwhelmingly Positive;['LGBTQ+', 'Female Protagonist', 'Visual Novel', 'Adventure', 'Anime', 'Romance', 'Cute', 'Indie', 'Education', 'Nudity', 'Story Rich', 'Singleplayer', 'Sexual Content']
125;1047440;Very Positive;['Simulation', 'Anime', 'Visual Novel', 'Dating Sim', 'Sexual Content', 'Romance', 'Nudity', 'Singleplayer', 'Story Rich', 'Mature', 'Mystery', 'Cute', 'Adventure', 'Casual', 'FPS', 'Hentai']
126;604240;Very Positive;['Multiplayer', 'Action', 'Shooter', 'FPS', 'Funny', 'First-Person', 'Team-Based', 'Colorful', 'Co-op', 'Online Co-Op', 'Arena Shooter', 'Character Customization', '3D', 'Cartoony', 'Cartoon', 'Singleplayer', 'PvP', 'PvE', 'Indie', 'Stylized']
127;1080750;Overwhelmingly Positive;['Relaxing', 'Story Rich', 'Walking Simulator', 'Atmospheric', 'Interactive Fiction', 'Supernatural', 'Mystery', 'Drama', 'Female Protagonist', 'Adventure', 'Singleplayer', 'Cute', '2D', 'Colorful', 'Exploration', 'Dark', 'Side Scroller', 'Point & Click', 'Nature', 'Music-Based Procedural Generation']
128;823500;Overwhelmingly Positive;['VR', 'Physics', 'Action', 'Sandbox', 'Shooter', 'Singleplayer', 'Adventure', 'Puzzle', 'Great Soundtrack', 'First-Person', 'Simulation', 'Realistic', 'Indie', 'FPS', 'Violent', 'Horror', 'Parkour', 'Sci-fi', 'Gore', 'Funny']
129;1026840;Very Positive;['Free to Play', 'Indie', 'Fighting', 'Action', '2D Fighter', 'Early Access', 'Competitive', 'Demons', 'Multiplayer', 'Anime', 'Funny']
130;382560;Very Positive;"['Precision Platformer', '3D Platformer', 'Parkour', 'Racing', 'Exploration', 'Time Attack', 'First-Person', 'PvP', 'Difficult', 'Platformer', 'Female Protagonist', 'Multiplayer', 'Action', 'Adventure', 'Nostalgia', ""1990's"", 'Singleplayer', 'Fast-Paced', 'Indie', 'Great Soundtrack']"
131;1158470;Very Positive;['Puzzle', 'Logic', 'Relaxing', 'Difficult', 'Casual', 'Voxel', 'Strategy', 'Singleplayer', 'Education', 'Tutorial', 'Minimalist', '3D', 'Indie', 'Experimental', 'Isometric', 'Procedural Generation', 'Colorful', 'Mystery', 'Family Friendly', 'Touch-Friendly']
132;677620;Very Positive;['Free to Play', 'FPS', 'Multiplayer', 'Arena Shooter', 'Shooter', 'Action', 'Fast-Paced', 'First-Person', 'PvP', 'Competitive', 'Sci-fi', 'Indie', 'Team-Based', 'eSports', 'Strategy', 'Tactical', 'Online Co-Op', 'Physics', 'Co-op', 'Violent']
133;433550;Very Positive;['Horror', 'Dark', 'Adventure', 'Puzzle', 'Singleplayer', 'Atmospheric', 'Psychological Horror', 'Puzzle Platformer', 'Side Scroller', '2.5D', 'Stealth', 'Third Person', 'Survival Horror', 'Surreal', 'Action-Adventure', 'Psychedelic', 'Mystery', 'Steampunk', 'Thriller', 'Physics']
134;588030;Very Positive;['Early Access', 'Simulation', 'Trains', 'VR', 'Realistic', 'Driving', 'Transportation', 'First-Person', 'Open World', 'Immersive Sim', 'Physics', 'Economy', 'Resource Management', 'Indie', 'Singleplayer', 'Procedural Generation', 'Replay Value', 'Adventure', 'Sandbox', 'Relaxing']
135;1073390;Very Positive;['Free to Play', 'Casual', 'Indie', 'VR', 'Cyberpunk', 'Flight', 'Relaxing', 'Simulation']
136;1037190;Overwhelmingly Positive;['Local Multiplayer', '4 Player Local', 'Multiplayer', 'Naval Combat', 'Naval', 'Pirates', 'Sailing', 'Competitive', 'Casual', 'Arcade', 'Fast-Paced', 'Sports', 'Racing', 'Combat Racing', 'Battle Royale', 'Colorful', 'Cute', 'Indie', 'Anime', 'Action']
137;710710;Very Positive;['Indie', 'Casual', 'Simulation', 'Visual Novel', 'Comedy', 'Dating Sim', 'Psychological Horror', 'Female Protagonist', 'Funny', 'Memes', 'Otome']
138;1109130;Overwhelmingly Positive;['Indie', 'RPG', 'RPGMaker', 'Adventure']
139;1043240;Very Positive;"['Bullet Hell', 'Indie', 'Action', 'Great Soundtrack', ""Shoot 'Em Up"", 'Difficult', 'Faith', 'Female Protagonist', 'Singleplayer', 'Anime', '2D', 'Arcade']"
140;844660;Very Positive;['LGBTQ+', 'Visual Novel', 'Dark Fantasy', 'Female Protagonist', 'Anime', 'Interactive Fiction', 'Romance', 'Choices Matter', 'Cute', 'Story Rich', 'Nudity', 'Fantasy', 'Sexual Content', 'Mature', 'Casual', 'Mystery', 'Atmospheric', '2D', 'Indie', 'Singleplayer']
141;1047220;Very Positive;['Comedy', 'Casual', 'Short', 'Funny', 'Cute', 'Detective', 'Mystery', 'Colorful', 'Investigation', 'Relaxing', 'Exploration', 'Point & Click', 'Interactive Fiction', 'Sequel', 'Walking Simulator', 'Soundtrack', 'Adventure', 'Singleplayer', 'Indie', 'Great Soundtrack']
142;1056490;Overwhelmingly Positive;['Roguelike', 'RPG', 'Indie', 'Turn-Based', 'RPGMaker', 'Traditional Roguelike', 'Cute', '2D', 'Pixel Graphics', 'Mystery Dungeon', 'Action', 'Exploration', 'Funny', 'Addictive', 'Singleplayer', 'Dungeon Crawler', 'Hack and Slash', 'Action RPG', 'Female Protagonist', 'Anime']
143;981020;Very Positive;['Anime', 'Survival Horror', 'Stealth', 'Cute', 'Female Protagonist', 'Psychological Horror', 'Horror', 'Puzzle', 'Multiple Endings', 'Psychological', 'Side Scroller', 'Mystery', 'Singleplayer', 'Adventure', 'Action', 'Controller', '2D', 'Indie', 'Casual', 'Retro']
144;585420;Very Positive;['Puzzle', 'Open World', 'Multiplayer', 'Jet', 'Tanks', 'Vehicular Combat', 'Moddable', 'Building', 'Sandbox', 'Physics', 'Destruction', 'Exploration', 'Simulation', 'Flight', 'Co-op', 'Driving', 'Racing', 'Space', 'Robots', 'Submarine']
145;1146510;Very Positive;['Adventure', 'Indie', 'Horror', 'Point & Click', 'Pixel Graphics']
146;594130;Very Positive;['Visual Novel', 'LGBTQ+', 'Story Rich', 'Romance', 'Choices Matter', 'Point & Click', 'Adventure', 'Indie', 'Choose Your Own Adventure', 'Dating Sim', 'Simulation', 'Anime', 'Dark', 'RPG', 'Female Protagonist', '2D', 'Violent', 'Cartoony', 'Beautiful', 'Stylized']
147;954740;Very Positive;['FPS', 'Post-apocalyptic', 'Choices Matter', 'Open World', 'Sci-fi', 'RPG', 'First-Person', 'Robots', 'Story Rich', 'Multiple Endings', 'Action', 'Singleplayer', 'Atmospheric', 'Futuristic', 'Crafting', 'Adventure', 'Violent', 'Shooter', 'Great Soundtrack', 'Cinematic']
148;805550;Very Positive;['Racing', 'Automobile Sim', 'Simulation', 'VR', 'Multiplayer', 'Driving', 'Sports', 'Realistic', 'Singleplayer', 'Controller', 'Early Access', 'eSports', 'Open World', 'First-Person', 'Competitive', 'Atmospheric', 'Online Co-Op', 'Difficult', 'Moddable']
149;959080;Very Positive;['Free to Play', 'Adventure', 'Action', 'Indie', 'Multiplayer', 'Platformer', '2D', 'Local Co-Op', 'Co-op', 'RPG', 'Online Co-Op']
150;952290;Very Positive;['Adventure', 'Indie', 'Casual', 'Pixel Graphics', 'Memes', 'Platformer', 'Great Soundtrack', 'Funny', 'Comedy', 'Relaxing', 'Retro', 'Dark Comedy']
151;622220;Very Positive;"['Anime', 'Action', 'Hack and Slash', 'Musou', 'RPG', 'Multiplayer', 'Visual Novel', 'JRPG', 'Story Rich', 'Singleplayer', 'Sexual Content', 'Fantasy', 'Nudity', 'Adventure', ""Beat 'em up"", 'Female Protagonist']"
152;1069740;Very Positive;['Early Access', 'Indie', 'Adventure', 'Dark', 'Singleplayer', 'Puzzle', 'Great Soundtrack', 'Atmospheric', 'Action', 'Platformer', 'Puzzle Platformer', '2.5D', 'Story Rich', 'Runner', 'Dystopian', 'Mystery', 'Side Scroller', 'Sci-fi', 'Psychological Horror', 'Emotional']
153;679900;Very Positive;['Indie', 'RPG', 'Turn-Based Combat', 'Character Customization', 'Action RPG', 'Singleplayer', 'Turn-Based', 'Idler', 'Funny', '2D', 'Fantasy', 'Casual', 'Strategy', 'Relaxing', 'Minigames', 'Cartoony', 'Colorful', 'Strategy RPG', 'Archery', 'Action']
154;1058000;Overwhelmingly Positive;['Free to Play', 'Visual Novel', 'Anime']
155;1084570;Overwhelmingly Positive;['Free to Play', 'Adventure', 'Indie', 'Casual', 'Pixel Graphics', 'Cute', 'RPGMaker', 'RPG', 'Sexual Content', 'Horror', 'Singleplayer']
156;909190;Very Positive;['Free to Play', 'Adventure', 'Indie', 'Point & Click', 'Pixel Graphics', 'Retro', 'Puzzle', 'Singleplayer']
157;489520;Very Positive;['Real Time Tactics', 'RTS', 'Multiplayer', 'Co-op', 'Card Battler', 'Free to Play', 'Strategy RPG', 'Card Game', 'Strategy', 'PvP', 'PvE', 'Deckbuilding', 'Tactical', 'Competitive', 'Online Co-Op', 'Singleplayer', 'Turn-Based Tactics', 'Mouse only', 'Tower Defense', 'Stylized']
158;1121910;Very Positive;['Dating Sim', 'Anime', 'Visual Novel', 'Beautiful', 'Cult Classic', 'Free to Play', 'Story Rich', 'World War I', 'Hentai', 'Psychedelic', 'Alternate History', 'Casual', 'Simulation', 'Choices Matter', 'Great Soundtrack', 'Souls-like', 'Indie', 'Atmospheric', 'Family Friendly', 'FPS']
159;1021950;Very Positive;['Psychological Horror', 'Free to Play', 'Walking Simulator', 'Indie', 'First-Person', 'Horror', 'Dynamic Narration', 'Adventure', 'Narration', 'Atmospheric', 'Dark', 'Story Rich', 'Psychological', 'Singleplayer', 'Choices Matter', 'Emotional', 'Puzzle', 'Perma Death']
160;1079800;Very Positive;['VR', 'Action', 'Rhythm', 'Music', 'Shooter', 'On-Rails Shooter', 'FPS', 'Indie', 'Arcade', 'Bullet Hell', 'Bullet Time', 'First-Person', 'Assassin', 'Soundtrack', 'Singleplayer', 'Colorful', 'Gun Customization', 'Post-apocalyptic', 'Cyberpunk', 'Sci-fi']
161;1098490;Very Positive;['Walking Simulator', 'Free to Play', 'Simulation', 'Exploration', 'Atmospheric', 'Casual', 'Adventure', 'Indie', 'VR', 'Relaxing', 'Realistic', 'Beautiful']
162;1036950;Very Positive;['Family Friendly', 'Free to Play', 'Puzzle', 'Tabletop', 'Solitaire', 'Replay Value', 'Minimalist', 'GameMaker', 'Singleplayer', 'Casual', 'Relaxing', 'Indie', 'Difficult', 'Board Game', 'Atmospheric', 'Time Management', 'Stylized', 'Funny', 'Crafting', 'Cute']
163;572220;Very Positive;['Action', 'Indie', 'Strategy', 'Multiplayer', 'MOBA', 'Local Multiplayer', 'PvP', 'Magic', 'Physics', 'Competitive', '4 Player Local']
164;1017180;Very Positive;['Automobile Sim', 'Open World', 'Driving', 'Multiplayer', 'Survival', 'Post-apocalyptic', 'Exploration', 'Singleplayer', 'First-Person', 'Adventure', 'Simulation', 'Horror', 'Early Access', 'Indie', 'Realistic', 'Sexual Content', 'Action', 'Racing', 'Shooter', 'FPS']
165;505230;Very Positive;['Story Rich', 'Atmospheric', 'Choices Matter', 'RPG', 'Difficult', 'Detective', 'Immersive Sim', 'Singleplayer', 'Survival', 'Surreal', 'Psychological Horror', 'Survival Horror', 'Open World', 'Dystopian', 'Adventure', 'Indie', 'CRPG', 'Dark', 'First-Person', 'Isometric']
166;1174180;Very Positive;['Open World', 'Story Rich', 'Western', 'Adventure', 'Action', 'Multiplayer', 'Realistic', 'Singleplayer', 'Shooter', 'Atmospheric', 'Horses', 'Beautiful', 'Third-Person Shooter', 'Mature', 'Great Soundtrack', 'Third Person', 'Sandbox', 'Gore', 'First-Person', 'FPS']
167;976390;Very Positive;['Visual Novel', 'Anime', 'Sexual Content', 'Nudity', 'Casual', 'Cute', 'Simulation', 'Story Rich', 'Mystery', 'Choices Matter', 'Multiple Endings', 'Episodic', 'FPS', 'Mature']
168;846030;Very Positive;['Early Access', 'Space', 'Sci-fi', 'Singleplayer', 'Physics', 'Exploration', 'Top-Down', 'Vehicular Combat', 'Immersive Sim', 'Space Sim', 'Science', 'Open World', 'Action', 'Procedural Generation', 'Difficult', 'Simulation', 'Atmospheric', 'Realistic', '2D', 'Sandbox']
169;968350;Very Positive;['Indie', 'Adventure', 'Mystery', 'Point & Click', 'Puzzle', '2D']
170;1100800;Very Positive;['Horror', 'Visual Novel', 'Female Protagonist', '2D', 'Story Rich', 'Anime', 'Action', 'Zombies', 'Sexual Content', 'Drama', 'Retro', 'Singleplayer', 'Nudity', 'Violent', 'Gore', 'Mature', 'NSFW', 'Hentai']
171;970570;Very Positive;['Visual Novel', 'Mystery', 'Anime', 'Story Rich', 'Violent', 'Gore', 'Adventure', 'Psychological Horror', 'Great Soundtrack', 'Horror', 'Sci-fi', 'Multiple Endings', 'Atmospheric', 'Psychological', 'Thriller', 'Singleplayer', 'Sexual Content', 'Science', 'Nudity', 'Emotional']
172;910630;Very Positive;['Cute', 'Dating Sim', 'LGBTQ+', 'Visual Novel', 'Romance', 'Story Rich', 'Choices Matter', 'Choose Your Own Adventure', 'Retro', 'Futuristic', 'Character Customization', 'Singleplayer', 'Casual', 'Simulation', 'Funny', 'Nudity', 'Otome', 'Mature', 'Female Protagonist', 'Colorful']
173;951830;Very Positive;['Sexual Content', 'Story Rich', 'Choices Matter', 'Nudity', 'RPG', 'Free to Play', 'Indie', 'RPGMaker', 'Strategy', 'Adventure', 'Early Access', 'Mature', 'Pixel Graphics', 'Party-Based RPG', '2D', 'Politics', 'Singleplayer', 'Diplomacy', 'Management', 'Simulation']
174;1073440;Very Positive;['Sexual Content', 'Nudity', 'Mature', 'Hentai', 'Character Customization', 'NSFW', 'Anime', 'Simulation', 'VR', 'Dating Sim', 'Sandbox', 'Singleplayer', '3D', 'Moddable', 'Cute', 'Psychological Horror', 'Visual Novel', 'Story Rich', 'FPS', 'Female Protagonist']
175;1094530;Very Positive;['Casual', 'Adventure', 'Sexual Content', 'Visual Novel', 'Nudity', 'Anime', 'Cute']
176;951000;Very Positive;['Sexual Content', 'LGBTQ+', 'Anime', 'Visual Novel', 'Casual', 'Dating Sim', 'Cute', 'Nudity', 'Romance', 'Singleplayer', 'Funny', 'Comedy', 'Memes', 'Story Rich', 'Indie', 'Great Soundtrack', '2D', 'Psychological Horror', 'Comic Book', 'Modern']
177;702050;Very Positive;['Visual Novel', 'Psychological Horror', 'Gore', 'Sexual Content', 'Lovecraftian', 'Nudity', 'Horror', 'Romance', 'Story Rich', 'Anime', 'Great Soundtrack', 'Dark', 'Multiple Endings', 'Adventure', 'Atmospheric', 'Cult Classic', 'Simulation', 'Cute', 'Singleplayer', 'Classic']
178;703080;Very Positive;['Management', 'Simulation', 'Building', 'Sandbox', 'Nature', 'City Builder', 'Economy', 'Realistic', 'Singleplayer', 'Family Friendly', 'Cute', 'Resource Management', 'Strategy', 'Great Soundtrack', 'Relaxing', 'Multiplayer', 'Open World', 'Casual', 'Funny', 'Horses']
179;971210;Very Positive;['Free to Play', 'Indie', 'Action', 'Singleplayer', 'Platformer', 'Time Manipulation', 'Pixel Graphics', 'Robots', 'Short', 'Time Travel', 'Underground']
180;1101180;Very Positive;['Indie', 'Action', 'Casual', 'FPS', 'Singleplayer', 'Competitive', 'Replay Value', 'Realistic']
181;1026820;Very Positive;['Free to Play', 'Relaxing', 'Pixel Graphics', 'Casual', 'Singleplayer', 'Indie', 'Colorful', '2D', 'Design & Illustration', 'Point & Click', 'Family Friendly', 'Funny', 'Great Soundtrack', 'Puzzle', 'Hand-drawn', 'Short']
182;983150;Very Positive;['Adventure', 'Nudity', 'Gore', 'Visual Novel', 'Sexual Content', 'Violent', 'Anime', 'Story Rich']
183;761600;Very Positive;['Action', 'Violent', 'Hack and Slash', 'Classic', 'Singleplayer', 'Ninja', 'Survival Horror', 'Third Person', 'Dark Fantasy', 'Atmospheric', 'Horror', 'Demons', 'Anime', 'Difficult', 'Action-Adventure', 'Historical', 'Remake', 'Swordplay', 'Story Rich']
184;1005930;Very Positive;['Time Management', 'Life Sim', 'Education', 'Sandbox', 'RPG', 'Turn-Based Strategy', 'Character Customization', 'Strategy', '2D', 'Isometric', 'Text-Based', 'Choices Matter', 'Resource Management', 'Capitalism', 'Economy', 'Indie', 'Tabletop', 'Board Game', 'Simulation', 'Early Access']
185;923910;Very Positive;['Adventure', 'RPG', 'Indie', 'Early Access', 'RPGMaker', 'Horror', 'Pixel Graphics', 'Anime', 'Female Protagonist']
186;1187510;Very Positive;['Casual', 'Psychological Horror', 'Indie', 'Simulation', 'Comedy', 'eSports', 'Memes', 'Relaxing', 'Multiplayer', 'God Game', 'Puzzle', 'Immersive Sim', 'Life Sim', 'Puzzle Platformer', '3D', 'Cinematic', 'Colorful', 'Cute', 'Minimalist', 'Realistic']
187;948740;Very Positive;['Visual Novel', 'Anime', 'Mystery', 'Story Rich', 'Detective', 'Adventure', 'Gore', 'Sci-fi', 'Comedy', 'Violent', 'Singleplayer', 'Multiple Endings', 'Choices Matter', 'Great Soundtrack', 'Puzzle', 'Sexual Content', 'Horror', 'Psychological Horror', 'Point & Click', 'Escape Room']
188;1182370;Very Positive;['Horror', 'Free to Play', 'Indie', 'Singleplayer', 'Survival Horror', 'Pixel Graphics', 'Strategy', '2D', 'Female Protagonist', 'Multiplayer']
189;1172980;Very Positive;['Free to Play', 'RPG', 'Adventure', 'Indie', 'Anime', 'RPGMaker', 'LGBTQ+']
190;939330;Very Positive;['Free to Play', 'Otome', 'Visual Novel', 'Female Protagonist', 'Romance', 'Simulation', 'Character Customization', 'Casual', 'Sexual Content', 'Dating Sim', 'Anime', 'Nudity']
191;631570;Very Positive;['Adventure', 'Point & Click', 'Detective', 'Sci-fi', 'Female Protagonist', 'Cyberpunk', 'Pixel Graphics', 'Singleplayer', '2D', 'Mystery', 'Choices Matter', 'Puzzle', 'Retro', 'Noir', 'Story Rich', 'Atmospheric', 'Futuristic', 'Post-apocalyptic', '2.5D', 'Exploration']
192;1147750;Very Positive;['Free to Play', 'Indie', 'Casual', 'Action', 'Adventure', 'Psychological Horror', 'Sexual Content', 'Multiplayer', '3D Platformer', 'Memes', 'Nudity']
193;1104660;Very Positive;['Indie', 'Action', 'Adventure', 'Pixel Graphics', 'Puzzle Platformer', 'Platformer', 'Sci-fi', 'Gore', 'Singleplayer', 'Cute', 'Atmospheric', '2D', 'Great Soundtrack', 'Violent', 'Story Rich', 'Side Scroller', 'Difficult', 'Dark Fantasy', 'Puzzle']
194;1106770;Overwhelmingly Positive;['Free to Play', 'Puzzle', 'Indie']
195;619150;Very Positive;['Programming', 'Simulation', 'Education', 'Puzzle', 'Indie', 'Sandbox', 'Building', 'Science', 'Cats', 'Logic', 'Investigation', 'Transhumanism', 'Underground', 'Dynamic Narration', 'Intentionally Awkward Controls', 'Singleplayer', '2D']
196;1072420;Very Positive;['RPG', 'Open World Survival Craft', 'Adventure', 'Action', 'Sandbox', 'Building', 'Crafting', 'JRPG', 'Anime', 'Cute', 'Co-op', 'Third Person', 'Multiplayer', 'Open World', 'Colorful', 'Voxel', 'Platformer', 'Survival', 'Singleplayer', 'Character Customization']
197;889510;Very Positive;"['Anime', 'Sexual Content', 'Action', 'Nudity', 'Hack and Slash', 'Female Protagonist', 'Mature', 'Singleplayer', ""Beat 'em up"", 'Character Customization', 'Hentai', 'Ninja', 'NSFW', 'Story Rich', 'Great Soundtrack', 'Fighting', 'Visual Novel', 'Third Person', 'Souls-like']"
198;751780;Very Positive;['Open World Survival Craft', 'Survival', 'Pixel Graphics', 'Crafting', 'Indie', 'Farming Sim', 'Sandbox', 'Adventure', '2D', 'Base Building', 'Multiplayer', 'Singleplayer', 'Resource Management', 'Building', 'Exploration', 'Open World', 'RPG', 'Casual', 'Agriculture', 'Simulation']
199;976010;Very Positive;['Indie', 'Puzzle', 'Pixel Graphics', 'Great Soundtrack', 'Logic', '2D', 'Minimalist', 'Puzzle Platformer', 'Singleplayer', 'Funny', 'Platformer', 'Hacking', 'Memes', 'Experimental', 'Short', 'Difficult', 'Comedy', 'Programming', 'Dark Humor', 'Casual']
200;969700;Very Positive;['Sexual Content', 'Nudity', 'Anime', 'Visual Novel', 'Hentai', 'Adventure', 'Indie', 'Dating Sim', 'Cute']
201;1042550;Very Positive;['Creature Collector', 'JRPG', 'Anime', 'Turn-Based', 'Turn-Based Combat', 'Turn-Based Strategy', 'RPG', 'Visual Novel', 'PvP', 'Story Rich', 'Strategy', 'Cute', 'Action', 'Cyberpunk', 'Fantasy', 'Adventure', 'Sci-fi', 'Singleplayer', 'Multiplayer', 'Detective']
202;784150;Overwhelmingly Positive;['City Builder', 'Economy', 'Strategy', 'Simulation', 'Building', 'Management', 'Early Access', 'Political Sim', 'Trains', 'Indie', 'Cold War', 'Transportation', 'Politics', 'Historical', 'Political', 'Realistic', 'Singleplayer', 'Choices Matter', 'Resource Management', 'Multiple Endings']
203;839870;Very Positive;['Indie', 'Casual', 'Simulation', 'Adventure', 'Puzzle', 'Management', 'Local Co-Op', 'Inventory Management']
204;1012560;Very Positive;['Casual', 'Indie', 'Action', 'Driving', 'Automobile Sim', 'Arcade', 'Multiplayer', 'Funny', 'Psychological Horror', 'Singleplayer', 'Relaxing']
205;1043500;Very Positive;['Simulation', 'Indie', 'Casual', 'Psychological Horror', 'Sexual Content']
206;657240;Very Positive;['Simulation', 'Sandbox', 'Building', 'Trains', 'Open World', 'Indie', 'Crafting', 'City Builder', 'Funny', 'First-Person', 'Physics', 'Racing', 'Realistic', 'Family Friendly', 'Third Person', 'Singleplayer', 'Relaxing', 'Cute', 'Exploration', 'Management']
207;1070580;Very Positive;['Racing', 'Casual', 'Multiplayer', 'Automobile Sim', 'Indie', 'Arcade', 'Singleplayer', 'Third Person', 'Simulation', 'Controller', 'Relaxing', 'Retro', 'Colorful', 'Short', 'Great Soundtrack', 'Action', 'Local Multiplayer', 'Score Attack', 'Family Friendly', 'Runner']
208;1065100;Very Positive;['Indie', 'Adventure', 'RPG', 'Dragons', 'Simulation', 'Choices Matter', 'Great Soundtrack', 'Visual Novel', 'Choose Your Own Adventure', 'Story Rich']
209;1034940;Very Positive;['Adventure', 'Visual Novel', 'Anime', 'Psychological Horror', 'Mystery', 'Horror', 'Story Rich', 'Indie', '2D', 'Dark', 'Singleplayer', 'Atmospheric', 'Great Soundtrack']
210;1144110;Very Positive;['Open World', 'Free to Play', 'RPG', 'Satire', 'Indie', 'Adventure', 'Simulation', 'Psychological Horror', 'Memes', '2D']
211;865570;Very Positive;['Sexual Content', 'Nudity', 'Free to Play', 'Visual Novel', 'NSFW', 'Mature', 'Violent', 'Early Access', 'Indie', 'Gore', 'Casual', 'RPG', 'Hentai', 'Story Rich', 'Choices Matter', 'Adventure', 'Anime', 'Action', 'Romance', 'Psychological Horror']
212;1132190;Very Positive;['Casual', 'Free to Play', 'Indie', 'Pixel Graphics', '2D', 'Singleplayer', 'Colorful', 'Design & Illustration', 'Relaxing', 'Family Friendly', 'Great Soundtrack', 'Funny', 'Puzzle', 'Point & Click']
213;665370;Very Positive;['Sandbox', 'Simulation', 'Physics', 'Gore', 'Indie', 'Blood', 'Casual', 'Violent', '2D', 'Singleplayer', 'Building', 'Relaxing', 'Shooter', 'Replay Value', 'Funny', 'Moddable']
214;559330;Very Positive;['VR', 'Puzzle', 'Adventure', 'Physics', 'Strategy', 'Point & Click', 'Fantasy', 'Surreal', 'Psychological', 'Dark Humor', 'Narration', 'Indie', 'Singleplayer', 'Stylized', 'Story Rich', 'Psychological Horror', 'Relaxing', 'Short', 'Multiplayer']
215;935880;Very Positive;['Casual', 'Indie', 'Puzzle', 'Relaxing', 'Beautiful', 'Atmospheric', 'Great Soundtrack', 'Singleplayer', 'Fantasy']
216;589500;Very Positive;['Indie', 'Action', 'Adventure', 'Platformer', 'Pixel Graphics', '2D', 'Great Soundtrack', 'Retro', 'Difficult', 'Singleplayer', 'Co-op']
217;774361;Very Positive;['Metroidvania', 'Pixel Graphics', 'Souls-like', 'Gore', 'Dark Fantasy', 'Violent', '2D', 'Action', 'Indie', 'Difficult', 'Platformer', 'Adventure', 'Blood', 'Horror', 'Singleplayer', 'Gothic', 'Lore-Rich', 'Great Soundtrack', 'Side Scroller', 'Nudity']
218;1084020;Very Positive;['Simulation', 'City Builder', 'Indie', 'Strategy', 'Pixel Graphics', 'Sandbox', 'Casual', 'Building', 'Management', 'Adventure', 'Retro', 'Moddable', 'Multiplayer', '2D', 'Isometric', 'Life Sim', 'Automobile Sim', 'Exploration', 'Political Sim', '2.5D']
219;1173940;Very Positive;"['Action', 'Indie', ""Shoot 'Em Up"", 'Bullet Hell', 'Anime', 'Shooter']"
220;1002290;Very Positive;['Free to Play', 'Indie', 'Casual', 'Visual Novel', 'Anime']
221;1151080;Very Positive;['Turn-Based Combat', 'Dungeon Crawler', 'Roguelike', 'RPG', 'Roguelite', 'Pixel Graphics', 'Turn-Based', 'Villain Protagonist', '2D', 'Difficult', 'Dark Fantasy', 'Lovecraftian', 'Singleplayer', 'Management', 'Free to Play', 'Perma Death', 'Dark', 'Early Access', 'Gothic', 'Indie']
222;1039940;Very Positive;['LGBTQ+', 'Sexual Content', 'Nudity', 'Visual Novel', 'Violent', 'Adventure', 'Story Rich', 'Gore', 'NSFW', 'Anime', 'Singleplayer', 'Multiple Endings', 'Horror', 'Mature', 'Great Soundtrack']
223;1055430;Very Positive;['Strategy', 'RPG', 'Turn-Based Combat', 'Action', 'Turn-Based', 'Replay Value', 'Casual', 'Local Multiplayer', 'Board Game', '2D', 'Adventure', 'Comedy', 'Singleplayer', 'Funny', 'Multiplayer', 'Gore', 'Roguelike', 'Strategy RPG', 'Medieval', 'Hack and Slash']
224;1068070;Very Positive;['Action', 'Nudity', 'Indie', 'Simulation', 'Fighting', 'Physics', 'Arcade', 'Psychological Horror', 'Memes', 'LGBTQ+']
225;422510;Very Positive;"['Pinball', 'Indie', 'Action', 'Gothic', 'Dark Fantasy', 'Bullet Hell', 'Fast-Paced', 'Difficult', 'Arcade', 'Cult Classic', 'Unforgiving', 'Replay Value', 'Singleplayer', 'Pixel Graphics', 'Fantasy', '2D', 'Score Attack', 'Top-Down', 'Horror', ""Shoot 'Em Up""]"
226;1043180;Very Positive;['Dating Sim', 'Free to Play', 'Visual Novel', 'Indie', 'Casual', 'Cute', 'Simulation', 'Anime', 'Singleplayer', 'Comedy', 'Memes', 'Funny', 'Romance', 'Family Friendly', 'Horror', 'Sexual Content', 'Hentai', 'FPS']
227;925460;Very Positive;['Rhythm', 'Puzzle Platformer', 'Family Friendly', 'Casual', 'Precision Platformer', 'PvP', 'Difficult', 'Platformer', 'Arcade', 'Isometric', 'Funny', 'Abstract', 'Linear', 'Colorful', 'Minimalist', 'Logic', 'Level Editor', 'Puzzle', 'Psychedelic', 'Co-op']
228;931690;Very Positive;['Free to Play', 'Pixel Graphics', '2D', 'Platformer', 'Singleplayer', 'Adventure', 'Multiplayer', 'Procedural Generation', 'Action', 'Fantasy', 'RPG', '2D Platformer', 'Roguelike', 'Action RPG', 'Action Roguelike', 'Action-Adventure', 'Exploration', 'Bullet Hell', 'Roguelite', 'Casual']
229;1161770;Very Positive;['Sexual Content', 'Nudity', 'Mature', 'NSFW', 'Free to Play', 'Character Customization', 'Hentai', 'Open World', 'Adventure', 'Singleplayer', 'LGBTQ+', 'Female Protagonist', 'RPG', 'Fantasy', 'Early Access', 'Third Person', 'Anime', 'Indie', 'Story Rich', 'Psychological Horror']
230;1034900;Very Positive;['Action', 'Pixel Graphics', 'Metroidvania', 'Platformer', 'Retro', '2D', 'Anime', 'Singleplayer', 'Great Soundtrack']
231;1076880;Very Positive;['Indie', 'Dark Comedy', 'Multiple Endings', '2D', 'Comedy', 'Great Soundtrack', 'Cartoon', 'Replay Value', 'Psychological Horror']
232;1055760;Very Positive;['RPG', 'Indie', 'Simulation', 'Free to Play', 'Anime', 'Dating Sim']
233;1170640;Very Positive;['Indie', 'Casual', 'Puzzle', 'Adventure', 'Point & Click', 'Beautiful', 'Hand-drawn', 'Free to Play', 'Great Soundtrack', 'Hidden Object', 'Relaxing', 'Philosophical', 'Emotional', 'Mystery', 'Cute', 'Female Protagonist', 'Touch-Friendly', 'Surreal', 'Singleplayer', 'Atmospheric']
234;986280;Very Positive;['Visual Novel', 'LGBTQ+', 'Cute', 'Story Rich', 'Female Protagonist', 'Word Game', 'Anime', 'Linear', 'Singleplayer', 'Dating Sim', 'Interactive Fiction', 'NSFW', 'Indie', 'Adventure', 'VR']
235;1010870;Very Positive;['Dating Sim', 'Visual Novel', 'First-Person', 'Romance', 'Text-Based', 'Anime', 'Emotional', 'Adventure', 'Singleplayer', 'Sexual Content', 'Nudity']
236;977230;Very Positive;['Wholesome', 'Stylized', 'Resource Management', 'Management', 'Puzzle', 'Board Game', 'Relaxing', 'Cute', 'Tabletop', 'Casual', 'Pixel Graphics', 'Atmospheric', 'Simulation', 'Singleplayer', 'Strategy', 'Minimalist', '2D', 'Abstract', 'Building', 'Cozy']
237;1148510;Very Positive;['Sexual Content', 'Nudity', 'Casual', 'Indie', 'Mature', 'Hentai', 'Simulation', 'RPG', 'Anime', 'Puzzle', 'NSFW', 'Cute', 'Psychological Horror']
238;1079450;Very Positive;['Adventure', 'Indie', 'Point & Click', 'Retro', 'Puzzle', 'Singleplayer', 'Pixel Graphics', 'Family Friendly', 'Atmospheric', '2D', 'Old School', 'Cute', 'Story Rich', 'Mystery']
239;1172380;Very Positive;['Action-Adventure', 'Souls-like', 'Third Person', 'Swordplay', 'Story Rich', 'Open World', 'Exploration', 'Platformer', 'Action', 'Sci-fi', 'Space', 'RPG', 'Metroidvania', 'Fighting', 'Puzzle', 'Adventure', 'Fantasy', 'Hack and Slash', 'Atmospheric', 'Family Friendly']
240;714120;Very Positive;['Adventure', 'Point & Click', 'Story Rich', 'Psychological Horror', 'Indie', 'Choices Matter', 'Horror', 'Female Protagonist', 'Singleplayer', 'Cute', 'Dark Humor', 'Dark', 'Atmospheric', 'Casual', 'Dark Fantasy', 'Funny', '2D', 'Interactive Fiction', 'Great Soundtrack', 'Puzzle']
241;1114030;Very Positive;['Free to Play', 'Indie', 'Casual', 'Psychological Horror', 'Puzzle', 'Pixel Graphics', 'Multiple Endings', 'Female Protagonist', 'Choices Matter', 'Dark', 'Short', 'Stylized', 'Multiplayer']
242;562860;Very Positive;"['FPS', 'Retro', 'Female Protagonist', 'Old School', 'Action', 'Gore', 'Cyberpunk', 'First-Person', 'Shooter', 'Indie', 'Violent', 'Singleplayer', '2.5D', 'Fast-Paced', 'Great Soundtrack', ""1990's"", 'Sci-fi', 'Classic', 'Exploration', 'Difficult']"
243;931270;Very Positive;['City Builder', 'Colony Sim', 'Base Building', 'Resource Management', 'Medieval', 'Sandbox', 'Management', 'Strategy', 'Economy', 'Indie', 'Relaxing', 'Pixel Graphics', 'Top-Down', '2D', 'Procedural Generation', 'Hex Grid', 'Nature', 'Retro', 'Singleplayer', 'Early Access']
244;742520;Very Positive;['Comedy', 'Funny', 'Story Rich', 'Interactive Fiction', 'Choose Your Own Adventure', 'Visual Novel', 'Villain Protagonist', 'Historical', 'Dark Comedy', 'Choices Matter', 'Conversation', 'Casual', 'Stylized', 'Medieval', 'Drama', 'Adventure', 'Singleplayer', 'Indie', 'Great Soundtrack', 'Atmospheric']
245;915460;Very Positive;['Sexual Content', 'Nudity', 'Mature', 'Female Protagonist', 'Action', 'Indie', 'Third-Person Shooter', 'Memes', 'Violent', 'Multiplayer', 'Zombies', 'Co-op', 'Funny', 'Gore', 'Shooter', 'Great Soundtrack', 'Massively Multiplayer', 'Comedy', 'Dark Humor', 'Early Access']
246;1032520;Very Positive;['Free to Play', 'Indie', 'Casual', 'Memes', 'Psychological Horror', 'Gambling', 'Funny', 'Short']
247;690640;Very Positive;['Puzzle Platformer', 'Online Co-Op', 'Local Co-Op', 'Action-Adventure', 'Beautiful', 'Fantasy', 'Co-op', '2.5D', 'Platformer', 'Adventure', 'Puzzle', 'Multiplayer', 'Action', 'Atmospheric', 'Local Multiplayer', 'Great Soundtrack', 'Stylized', 'Indie', 'Singleplayer', 'RPG']
248;898580;Very Positive;['Sports', 'Simulation', 'Indie', 'Bowling', 'VR']
249;829660;Very Positive;['Multiplayer', '4 Player Local', 'Board Game', 'Funny', 'Casual', 'Strategy', 'Simulation', 'Local Multiplayer', 'Indie', 'Singleplayer', 'Controller', '2D', 'Cute', 'Relaxing', 'Strategy RPG', 'Cartoon', 'Cartoony', 'Tabletop', 'Time Management', 'Colorful']
